{"cameraMode":{"drawMode":0,"name":"Shaded","section":"Shading Mode"},"sceneLighting":true,"audioPlay":false,"sceneViewState":{"showFog":true,"showMaterialUpdate":false,"showSkybox":true,"showFlares":true,"showImageEffects":true,"showParticleSystems":true},"in2DMode":false,"pivot":{"x":0.053756825625896457,"y":0.9144598245620728,"z":3.137800931930542},"rotation":{"x":-0.29663440585136416,"y":0.4136534631252289,"z":-0.14460939168930055,"w":-0.8485204577445984},"size":78.70380401611328,"orthographic":false}